Workbook

Sheet PLÁSTICO
A1: FECHA | B1: EMPRESA | C1: EV | D1: DESCRIPCIÓN | E1: CANTIDAD | H1: CANTIDAD
E2: SCRAP | F2: DESCARTE | G2: PRODUCTO | H2: FINAL
A4: 43153 | B4: Fabrica de mangueras industriales | C4: x | D4: mangueras industriales | F4: 80 | H4: =E4+F4+G4 -> 80
A5: 43153 | B5: butonia | C5: x | D5: botones | F5: 100 | H5: =E5+F5+G5 -> 100
A6: 43153 | B6: Ministerio de Educación | C6: x | D6: bolsas plasticas tablet | F6: 20 | H6: =E6+F6+G6 -> 20
A7: 43153 | C7: x | D7: Pelotas pelotero, tapas perfume | F7: 5 | H7: =E7+F7+G7 -> 5
H8: =E8+F8+G8 -> 0
H9: =E9+F9+G9 -> 0
H10: =E10+F10+G10 -> 0
H11: =E11+F11+G11 -> 0
H12: =E12+F12+G12 -> 0
H13: =E13+F13+G13 -> 0
H14: =E14+F14+G14 -> 0
H15: =E15+F15+G15 -> 0
H16: =E16+F16+G16 -> 0
H17: =E17+F17+G17 -> 0
H18: =E18+F18+G18 -> 0
H19: =E19+F19+G19 -> 0
... H23: =E23+F23+G23 -> 0
D25: CANTIDAD FINAL MENSUAL | E25: =SUM(E4:E24) -> 0 | F25: =SUM(F4:F24) -> 205 | G25: =SUM(G4:G24) -> 0 | H25: =SUM(H4:H24) -> 205

Sheet MADERAS
A1: FECHA | B1: EMPRESA | C1: EV | D1: DESCRIPCION | E1: CANTIDAD | H1: CANTIDAD
E2: SCRAP | F2: DESCARTE | G2: PRODUCTO | H2: FINAL
A4: 43153 | B4: no declarado | C4: X | D4: Recortes de madera chicos y medianos | H4: 75
H5: =E5+F5+G5 -> 0
H6: =E6+F6+G6 -> 0
H7: =E7+F7+G7 -> 0
H8: =E8+F8+G8 -> 0
H9: =E9+F9+G9 -> 0
H10: =E10+F10+G10 -> 0
H11: =E11+F11+G11 -> 0
H12: =E12+F12+G12 -> 0
H13: =E13+F13+G13 -> 0
H14: =E14+F14+G14 -> 0
H15: =E15+F15+G15 -> 0
H16: =E16+F16+G16 -> 0
... H99: =E99+F99+G99 -> 0
D100: CANTIDAD FINAL MENSUAL | E100: =SUM(E5:E100) -> 0 | F100: =SUM(F5:F100) -> 0 | G100: =SUM(G5:G100) -> 0 | H100: =SUM(H4:H24) -> 75

Sheet NATURAL
A1: FECHA | B1: NOMBRE Y APELLIDO | C1: INSTTITUCIÓN | D1: PROYECTO | E1: CANTIDAD | H1: CANTIDAD
E2: SCRAP | F2: DESCARTE | G2: PRODUCTO | H2: FINAL
D100: CANTIDAD FINAL MENSUAL | E100: =SUM(E4:E24) -> 0 | F100: =SUM(F4:F24) -> 0 | G100: =SUM(G4:G24) -> 0 | H100: =SUM(H4:H24) -> 0

Sheet METAL
A1: FECHA | B1: NOMBRE Y APELLIDO | C1: INSTITUCIÓN | D1: PROYECTO | E1: CANTIDAD | H1: CANTIDAD
E2: SCRAP | F2: DESCARTE | G2: PRODUCTO | H2: FINAL
H4: =E4+F4+G4 -> 0
H5: =E5+F5+G5 -> 0
H6: =E6+F6+G6 -> 0
H7: =E7+F7+G7 -> 0
H8: =E8+F8+G8 -> 0
H9: =E9+F9+G9 -> 0
H10: =E10+F10+G10 -> 0
H11: =E11+F11+G11 -> 0
H12: =E12+F12+G12 -> 0
H13: =E13+F13+G13 -> 0
H14: =E14+F14+G14 -> 0
H15: =E15+F15+G15 -> 0
... H23: =E23+F23+G23 -> 0
D25: CANTIDAD FINAL MENSUAL | E25: =SUM(E4:E24) -> 0 | F25: =SUM(F4:F24) -> 0 | G25: =SUM(G4:G24) -> 0 | H25: =SUM(H4:H24) -> 0

Sheet PAPELYCARTÓN
A1: FECHA | B1: NOMBRE Y APELLIDO | C1: INSTITUCIÓN | D1: PROYECTO | E1: CANTIDAD | H1: CANTIDAD
E2: SCRAP | F2: DESCARTE | G2: PRODUCTO | H2: FINAL
H5: =E5+F5+G5 -> 0
H6: =E6+F6+G6 -> 0
H7: =E7+F7+G7 -> 0
H8: =E8+F8+G8 -> 0
H9: =E9+F9+G9 -> 0
H10: =E10+F10+G10 -> 0
H11: =E11+F11+G11 -> 0
H12: =E12+F12+G12 -> 0
H13: =E13+F13+G13 -> 0
H14: =E14+F14+G14 -> 0
H15: =E15+F15+G15 -> 0
H16: =E16+F16+G16 -> 0
... H23: =E23+F23+G23 -> 0
D100: CANTIDAD FINAL MENSUAL | E100: =SUM(E4:E24) -> 0 | F100: =SUM(F4:F24) -> 0 | G100: =SUM(G4:G24) -> 0 | H100: =SUM(H4:H24) -> 0

Sheet VIDRIO
A1: FECHA | B1: NOMBRE Y APELLIDO | C1: INSTITUCIÓN | D1: PROYECTO | E1: CANTIDAD | H1: CANTIDAD
E2: SCRAP | F2: DESCARTE | G2: PRODUCTO | H2: FINAL
H4: =E4+F4+G4 -> 0
H5: =E5+F5+G5 -> 0
H6: =E6+F6+G6 -> 0
H7: =E7+F7+G7 -> 0
H8: =E8+F8+G8 -> 0
H9: =E9+F9+G9 -> 0
H10: =E10+F10+G10 -> 0
H11: =E11+F11+G11 -> 0
H12: =E12+F12+G12 -> 0
H13: =E13+F13+G13 -> 0
H14: =E14+F14+G14 -> 0
H15: =E15+F15+G15 -> 0
... H23: =E23+F23+G23 -> 0
D25: CANTIDAD FINAL MENSUAL | E25: =SUM(E4:E24) -> 0 | F25: =SUM(F4:F24) -> 0 | G25: =SUM(G4:G24) -> 0 | H25: =SUM(H4:H24) -> 0

Sheet TEXTIL
A1: FECHA | B1: EMPRESA | C1: EV | D1: DESCRIPCION | E1: CANTIDAD | H1: CANTIDAD
E2: SCRAP | F2: DESCARTE | G2: PRODUCTO | H2: FINAL
A4: 43153 | B4: no declarado | C4: X | D4: Hilos | H4: 30
A5: 43153 | B5: Emprendimiento | D5: Rollos de tela | H5: 30
H6: =E6+F6+G6 -> 0
H7: =E7+F7+G7 -> 0
H8: =E8+F8+G8 -> 0
H9: =E9+F9+G9 -> 0
H10: =E10+F10+G10 -> 0
H11: =E11+F11+G11 -> 0
H12: =E12+F12+G12 -> 0
H13: =E13+F13+G13 -> 0
H14: =E14+F14+G14 -> 0
H15: =E15+F15+G15 -> 0
H16: =E16+F16+G16 -> 0
H17: =E17+F17+G17 -> 0
... H23: =E23+F23+G23 -> 0
D100: CANTIDAD FINAL MENSUAL | E100: =SUM(E4:E24) -> 0 | F100: =SUM(F4:F24) -> 0 | G100: =SUM(G4:G24) -> 0 | H100: =SUM(H4:H24) -> 60

Sheet OTROS
A1: FECHA | B1: NOMBRE Y APELLIDO | C1: INSTITUCIÓN | D1: PROYECTO | E1: CANTIDAD | H1: CANTIDAD
E2: SCRAP | F2: DESCARTE | G2: PRODUCTO | H2: FINAL
H4: =E4+F4+G4 -> 0
H5: =E5+F5+G5 -> 0
H6: =E6+F6+G6 -> 0
H7: =E7+F7+G7 -> 0
H8: =E8+F8+G8 -> 0
H9: =E9+F9+G9 -> 0
H10: =E10+F10+G10 -> 0
H11: =E11+F11+G11 -> 0
H12: =E12+F12+G12 -> 0
H13: =E13+F13+G13 -> 0
H14: =E14+F14+G14 -> 0
H15: =E15+F15+G15 -> 0
... H23: =E23+F23+G23 -> 0
D25: CANTIDAD FINAL MENSUAL | E25: =SUM(E4:E24) -> 0 | F25: =SUM(F4:F24) -> 0 | G25: =SUM(G4:G24) -> 0 | H25: =SUM(H4:H24) -> 0

Sheet infomensualFEBRERO18
A1: MENSUAL:febrero 2018
A3: MATERIALIDAD | B3: PLÁSTICO | C3: =PLÁSTICO!H25 -> 205
A4: MATERIALIDAD | B4: MADERA | C4: =MADERAS!H100 -> 75
A5: MATERIALIDAD | B5: METAL | C5: =METAL!H25 -> 0
A6: MATERIALIDAD | B6: PAPEL/ CARTÓN | C6: =PAPELYCARTÓN!H100 -> 0
A7: MATERIALIDAD | B7: VIDRIO | C7: =VIDRIO!H25 -> 0
A8: MATERIALIDAD | B8: TEXTIL | C8: =TEXTIL!H100 -> 60
A9: MATERIALIDAD | B9: OTROS | C9: =OTROS!H25 -> 0
A13: MATERIALIDAD | B13: TOTAL | C13: =SUM(C3:C12) -> 340
