Workbook

Sheet plastico
A1: FECHA | B1: EMPRESA | C1: E. V. | D1: DESCRIPCIÓN | E1: CANTIDAD | H1: CANTIDAD
E2: SCRAP | F2: DESCARTE | G2: PRODUCTO | H2: FINAL
A4: 43314 | B4: NO DECLARADO | C4: x | D4: placas radiográficas | F4: 4 | H4: =E4+F4+G4 -> 4
A5: 43314 | B5: NO DECLARADO | C5: x | D5: recorte de telgopor | F5: 0.25 | H5: =E5+F5+G5 -> 0.25
H6: =E6+F6+G6 -> 0
A7: 43335 | B7: NO DECLARADO | C7: x | D7: cables finos | F7: 0.5 | H7: =E7+F7+G7 -> 0.5
A8: 43335 | B8: NO DECLARADO | D8: CINTAS PLASTICAS TRANSPARENTE | H8: 3
H9: =E9+F9+G9 -> 0
H10: =E10+F10+G10 -> 0
H11: =E11+F11+G11 -> 0
H12: =E12+F12+G12 -> 0
H13: =E13+F13+G13 -> 0
H14: =E14+F14+G14 -> 0
H15: =E15+F15+G15 -> 0
H16: =E16+F16+G16 -> 0
H17: =E17+F17+G17 -> 0
H18: =E18+F18+G18 -> 0
H19: =E19+F19+G19 -> 0
H20: =E20+F20+G20 -> 0
... H23: =E23+F23+G23 -> 0
D25: CANTIDAD FINAL MENSUAL | E25: =SUM(E4:E24) -> 0 | F25: =SUM(F4:F24) -> 4.75 | G25: =SUM(G4:G24) -> 0 | H25: =SUM(H4:H24) -> 7.75

Sheet maderas
A1: FECHA | B1: EMPRESA | C1: E. V. | D1: DESCRIPCIÓN | E1: CANTIDAD | H1: CANTIDAD
E2: SCRAP | F2: DESCARTE | G2: PRODUCTO | H2: FINAL
A4: 43314 | B4: ARTICEN | C4: X | D4: Chapadur | F4: 100 | H4: =E4+F4+G4 -> 100
A5: 43314 | B5: PEQUEÑA EMPRESA | C5: X | D5: recorte mdf | F5: 30 | H5: =E5+F5+G5 -> 30
H6: =E6+F6+G6 -> 0
H7: =E7+F7+G7 -> 0
H8: =E8+F8+G8 -> 0
H9: =E9+F9+G9 -> 0
H10: =E10+F10+G10 -> 0
H11: =E11+F11+G11 -> 0
H12: =E12+F12+G12 -> 0
H13: =E13+F13+G13 -> 0
H14: =E14+F14+G14 -> 0
H15: =E15+F15+G15 -> 0
H16: =E16+F16+G16 -> 0
H17: =E17+F17+G17 -> 0
... H23: =E23+F23+G23 -> 0
D25: CANTIDAD FINAL MENSUAL | E25: =SUM(E4:E24) -> 0 | F25: =SUM(F4:F24) -> 130 | G25: =SUM(G4:G24) -> 0 | H25: =SUM(H4:H24) -> 130

Sheet metal
A1: FECHA | B1: EMPRESA | C1: E. V. | D1: DESCRIPCIÓN | E1: CANTIDAD | H1: CANTIDAD
E2: SCRAP | F2: DESCARTE | G2: PRODUCTO | H2: FINAL
H4: =E4+F4+G4 -> 0
H5: =E5+F5+G5 -> 0
H6: =E6+F6+G6 -> 0
H7: =E7+F7+G7 -> 0
H8: =E8+F8+G8 -> 0
H9: =E9+F9+G9 -> 0
H10: =E10+F10+G10 -> 0
H11: =E11+F11+G11 -> 0
H12: =E12+F12+G12 -> 0
H13: =E13+F13+G13 -> 0
H14: =E14+F14+G14 -> 0
H15: =E15+F15+G15 -> 0
... H23: =E23+F23+G23 -> 0
D25: CANTIDAD FINAL MENSUAL | E25: =SUM(E4:E24) -> 0 | F25: =SUM(F4:F24) -> 0 | G25: =SUM(G4:G24) -> 0 | H25: =SUM(H4:H24) -> 0

Sheet papelycarton
A1: FECHA | B1: EMPRESA | C1: E. V. | D1: DESCRIPCIÓN | E1: CANTIDAD | H1: CANTIDAD
E2: SCRAP | F2: DESCARTE | G2: PRODUCTO | H2: FINAL
A4: 43314 | B4: Grincraft | C4: x | D4: DESCARTE DE CARTON | F4: 50 | H4: =E4+F4+G4 -> 50
A5: 23/082018 | B5: Grincraft | C5: x | D5: DESCARTE DE CARTON | F5: 12.5 | H5: =E5+F5+G5 -> 12.5
A6: 43335 | B6: T-Plack | C6: x | D6: PLACAS TETRAPACK | F6: 70 | H6: =E6+F6+G6 -> 70
H7: =E7+F7+G7 -> 0
H8: =E8+F8+G8 -> 0
H9: =E9+F9+G9 -> 0
H10: =E10+F10+G10 -> 0
H11: =E11+F11+G11 -> 0
H12: =E12+F12+G12 -> 0
H13: =E13+F13+G13 -> 0
H14: =E14+F14+G14 -> 0
H15: =E15+F15+G15 -> 0
H16: =E16+F16+G16 -> 0
H17: =E17+F17+G17 -> 0
H18: =E18+F18+G18 -> 0
... H23: =E23+F23+G23 -> 0
D25: CANTIDAD FINAL MENSUAL | E25: =SUM(E4:E24) -> 0 | F25: =SUM(F4:F24) -> 132.5 | G25: =SUM(G4:G24) -> 0 | H25: =SUM(H4:H24) -> 132.5

Sheet vidrio
A1: FECHA | B1: EMPRESA | C1: E. V. | D1: DESCRIPCIÓN | E1: CANTIDAD | H1: CANTIDAD
E2: SCRAP | F2: DESCARTE | G2: PRODUCTO | H2: FINAL
H4: =E4+F4+G4 -> 0
H5: =E5+F5+G5 -> 0
H6: =E6+F6+G6 -> 0
H7: =E7+F7+G7 -> 0
H8: =E8+F8+G8 -> 0
H9: =E9+F9+G9 -> 0
H10: =E10+F10+G10 -> 0
H11: =E11+F11+G11 -> 0
H12: =E12+F12+G12 -> 0
H13: =E13+F13+G13 -> 0
H14: =E14+F14+G14 -> 0
H15: =E15+F15+G15 -> 0
... H23: =E23+F23+G23 -> 0
D25: CANTIDAD FINAL MENSUAL | E25: =SUM(E4:E24) -> 0 | F25: =SUM(F4:F24) -> 0 | G25: =SUM(G4:G24) -> 0 | H25: =SUM(H4:H24) -> 0

Sheet textil
A1: FECHA | B1: EMPRESA | C1: E. V. | D1: DESCRIPCIÓN | E1: CANTIDAD | H1: CANTIDAD
E2: SCRAP | F2: DESCARTE | G2: PRODUCTO | H2: FINAL
A4: 43335 | B4: SEDAMIL | C4: x | D4: Totoras | E4: 30 | H4: =E4+F4+G4 -> 30
H5: =E5+F5+G5 -> 0
H6: =E6+F6+G6 -> 0
H7: =E7+F7+G7 -> 0
H8: =E8+F8+G8 -> 0
H9: =E9+F9+G9 -> 0
H10: =E10+F10+G10 -> 0
H11: =E11+F11+G11 -> 0
H12: =E12+F12+G12 -> 0
H13: =E13+F13+G13 -> 0
H14: =E14+F14+G14 -> 0
H15: =E15+F15+G15 -> 0
H16: =E16+F16+G16 -> 0
... H23: =E23+F23+G23 -> 0
D25: CANTIDAD FINAL MENSUAL | E25: =SUM(E4:E24) -> 30 | F25: =SUM(F4:F24) -> 0 | G25: =SUM(G4:G24) -> 0 | H25: =SUM(H4:H24) -> 30

Sheet infomensualagosto18
A1: Mensual agosto 2018 | C1: Total
A3: MATERIALIDAD | B3: PLÁSTICO | C3: =plastico!H25 -> 7.75
A4: MATERIALIDAD | B4: MADERA | C4: =maderas!H25 -> 130
A5: MATERIALIDAD | B5: METAL | C5: =metal!H25 -> 0
A6: MATERIALIDAD | B6: PAPEL/ CARTÓN | C6: =papelycarton!H25 -> 132.5
A7: MATERIALIDAD | B7: VIDRIO | C7: =vidrio!H25 -> 0
A8: MATERIALIDAD | B8: TEXTIL | C8: =textil!H25 -> 30
