Workbook

Sheet PLASTICO 
A1: FECHA | B1: EMPRESA | C1: E. V. | D1: DESCRIPCIÓN | E1: CANTIDAD | H1: CANTIDAD
E2: SCRAP | F2: DESCARTE | G2: PRODUCTO | H2: FINAL
A4: 43349 | B4: ? | C4: x | D4: cintas plásticas | F4: 3 | H4: =E4+F4+G4 -> 3
A5: 43349 | B5: ? | C5: x | D5: piezas 3d | F5: 4 | H5: =E5+F5+G5 -> 4
A6: 43349 | B6: vacavaliente | C6: x | D6: eco cuero | F6: 100 | H6: =E6+F6+G6 -> 100
A7: 43349 | C7: x | D7: arpillera plástica blanca | F7: 30 | H7: =E7+F7+G7 -> 30
A8: 43349 | B8: gráfica | C8: x | D8: recortes de foam | F8: 1 | H8: =E8+F8+G8 -> 1
A9: 43349 | B9: dgtedu | C9: x | D9: bolsas polipropileno | F9: 2 | H9: =E9+F9+G9 -> 2
A10: 43349 | B10: ? | C10: x | D10: telgopor | F10: 0.5 | H10: =E10+F10+G10 -> 0.5
A11: 43349 | B11: ? | C11: x | D11: cables finos | F11: 3 | H11: =E11+F11+G11 -> 3
A12: 43356 | B12: Gisa | D12: Hule | F12: 360 | H12: =E12+F12+G12 -> 360
A13: 43356 | B13: Gisa | D13: Goma pad | F13: 240 | H13: =E13+F13+G13 -> 240
A14: 43356 | B14: Gisa | D14: Acetato | F14: 300 | H14: =E14+F14+G14 -> 300
H15: =E15+F15+G15 -> 0
H16: =E16+F16+G16 -> 0
H17: =E17+F17+G17 -> 0
H18: =E18+F18+G18 -> 0
H19: =E19+F19+G19 -> 0
H20: =E20+F20+G20 -> 0
H21: =E21+F21+G21 -> 0
H22: =E22+F22+G22 -> 0
H23: =E23+F23+G23 -> 0
D25: CANTIDAD FINAL MENSUAL | E25: =SUM(E4:E24) -> 0 | F25: =SUM(F4:F24) -> 1043.5 | G25: =SUM(G4:G24) -> 0 | H25: =SUM(H4:H24) -> 1043.5

Sheet MADERAS
A1: FECHA | B1: EMPRESA | C1: E. V. | D1: DESCRIPCIÓN | E1: CANTIDAD | H1: CANTIDAD
E2: SCRAP | F2: DESCARTE | G2: PRODUCTO | H2: FINAL
A4: 43349 | B4: Articen | C4: x | D4: chapadur recorte | H4: 100
A5: 43349 | B5: t-Plack | C5: x | D5: pacas tetrapack | H5: =E5+F5+G5 -> 0
H6: =E6+F6+G6 -> 0
H7: =E7+F7+G7 -> 0
H8: =E8+F8+G8 -> 0
H9: =E9+F9+G9 -> 0
H10: =E10+F10+G10 -> 0
H11: =E11+F11+G11 -> 0
H12: =E12+F12+G12 -> 0
H13: =E13+F13+G13 -> 0
H14: =E14+F14+G14 -> 0
H15: =E15+F15+G15 -> 0
H16: =E16+F16+G16 -> 0
H17: =E17+F17+G17 -> 0
... H23: =E23+F23+G23 -> 0
D25: CANTIDAD FINAL MENSUAL | E25: =SUM(E4:E24) -> 0 | F25: =SUM(F4:F24) -> 0 | G25: =SUM(G4:G24) -> 0 | H25: =SUM(H4:H24) -> 100

Sheet METAL
A1: FECHA | B1: EMPRESA | C1: E. V. | D1: DESCRIPCIÓN | E1: CANTIDAD | H1: CANTIDAD
E2: SCRAP | F2: DESCARTE | G2: PRODUCTO | H2: FINAL
H4: =E4+F4+G4 -> 0
H5: =E5+F5+G5 -> 0
H6: =E6+F6+G6 -> 0
H7: =E7+F7+G7 -> 0
H8: =E8+F8+G8 -> 0
H9: =E9+F9+G9 -> 0
H10: =E10+F10+G10 -> 0
H11: =E11+F11+G11 -> 0
H12: =E12+F12+G12 -> 0
H13: =E13+F13+G13 -> 0
H14: =E14+F14+G14 -> 0
H15: =E15+F15+G15 -> 0
... H23: =E23+F23+G23 -> 0
D25: CANTIDAD FINAL MENSUAL | E25: =SUM(E4:E24) -> 0 | F25: =SUM(F4:F24) -> 0 | G25: =SUM(G4:G24) -> 0 | H25: =SUM(H4:H24) -> 0

Sheet PAPELYCARTON
A1: FECHA | B1: EMPRESA | C1: E. V. | D1: DESCRIPCIÓN | E1: CANTIDAD | H1: CANTIDAD
E2: SCRAP | F2: DESCARTE | G2: PRODUCTO | H2: FINAL
A4: 43349 | B4: vacavaliente | C4: x | D4: papel picado tres bolsas | F4: 30 | H4: =E4+F4+G4 -> 30
A5: 43356 | B5: Gisa | D5: Papel picado y cartón | F5: 170 | H5: =E5+F5+G5 -> 170
A6: 43349 | B6: t-Plack | C6: x | D6: pacas tetrapack | H6: 70
H7: =E7+F7+G7 -> 0
H8: =E8+F8+G8 -> 0
H9: =E9+F9+G9 -> 0
H10: =E10+F10+G10 -> 0
H11: =E11+F11+G11 -> 0
H12: =E12+F12+G12 -> 0
H13: =E13+F13+G13 -> 0
H14: =E14+F14+G14 -> 0
H15: =E15+F15+G15 -> 0
H16: =E16+F16+G16 -> 0
H17: =E17+F17+G17 -> 0
H18: =E18+F18+G18 -> 0
... H23: =E23+F23+G23 -> 0
D25: CANTIDAD FINAL MENSUAL | E25: =SUM(E4:E24) -> 0 | F25: =SUM(F4:F24) -> 200 | G25: =SUM(G4:G24) -> 0 | H25: =SUM(H4:H24) -> 270

Sheet VIDRIO
A1: FECHA | B1: EMPRESA | C1: E. V. | D1: DESCRIPCIÓN | E1: CANTIDAD | H1: CANTIDAD
E2: SCRAP | F2: DESCARTE | G2: PRODUCTO | H2: FINAL
H4: =E4+F4+G4 -> 0
H5: =E5+F5+G5 -> 0
H6: =E6+F6+G6 -> 0
H7: =E7+F7+G7 -> 0
H8: =E8+F8+G8 -> 0
H9: =E9+F9+G9 -> 0
H10: =E10+F10+G10 -> 0
H11: =E11+F11+G11 -> 0
H12: =E12+F12+G12 -> 0
H13: =E13+F13+G13 -> 0
H14: =E14+F14+G14 -> 0
H15: =E15+F15+G15 -> 0
... H23: =E23+F23+G23 -> 0
D25: CANTIDAD FINAL MENSUAL | E25: =SUM(E4:E24) -> 0 | F25: =SUM(F4:F24) -> 0 | G25: =SUM(G4:G24) -> 0 | H25: =SUM(H4:H24) -> 0

Sheet TEXTIL
A1: FECHA | B1: EMPRESA | C1: E. V. | D1: DESCRIPCIÓN | E1: CANTIDAD | H1: CANTIDAD
E2: SCRAP | F2: DESCARTE | G2: PRODUCTO | H2: FINAL
A4: 43356 | B4: Gisa | D4: Retaso loneta color | F4: 150 | H4: =E4+F4+G4 -> 150
H5: =E5+F5+G5 -> 0
H6: =E6+F6+G6 -> 0
H7: =E7+F7+G7 -> 0
H8: =E8+F8+G8 -> 0
H9: =E9+F9+G9 -> 0
H10: =E10+F10+G10 -> 0
H11: =E11+F11+G11 -> 0
H12: =E12+F12+G12 -> 0
H13: =E13+F13+G13 -> 0
H14: =E14+F14+G14 -> 0
H15: =E15+F15+G15 -> 0
H16: =E16+F16+G16 -> 0
... H23: =E23+F23+G23 -> 0
D25: CANTIDAD FINAL MENSUAL | E25: =SUM(E4:E24) -> 0 | F25: =SUM(F4:F24) -> 150 | G25: =SUM(G4:G24) -> 0 | H25: =SUM(H4:H24) -> 150

Sheet infomensualSEPTIEMBRE8
A1: aeptiembre 2018 | C1: Total
A3: MATERIALIDAD | B3: PLÁSTICO | C3: ='PLASTICO '!H25 -> 1043.5
A4: MATERIALIDAD | B4: MADERA | C4: =MADERAS!H25 -> 100
A5: MATERIALIDAD | B5: METAL | C5: =METAL!H25 -> 0
A6: MATERIALIDAD | B6: PAPEL/ CARTÓN | C6: =PAPELYCARTON!H25 -> 270
A7: MATERIALIDAD | B7: VIDRIO | C7: =VIDRIO!H25 -> 0
A8: MATERIALIDAD | B8: TEXTIL | C8: =TEXTIL!H25 -> 150

Sheet Hoja1
